feature,importance
total_spending,3.1241846170681513
transaction_count,2.171538061914977
avg_transaction_value,1.371506233209416
spending_variance,0.8971418242031235
weekend_spending_ratio,0.18052899211374465
