Feature,Importance
Education (USD),0.34632459279065897
Travel (USD),0.2978536762626861
Rent (USD),0.2477986674087869
Online Shopping (USD),0.027780574473650333
Groceries (USD),0.01937499731373691
Eating Out (USD),0.015098009377792081
Miscellaneous (USD),0.011606855029893321
Entertainment (USD),0.0113511979232915
Fitness (USD),0.0077443825197818115
Income (USD),0.006180702138005856
Subscription Services (USD),0.005676919136511449
Age,0.0032094256252048446
